row_id,order_id,order_date,ship_date,ship_mode,customer_id,segment,city,state,postal_code,region,product_id,category,sub-category,product_name,sales,quantity,discount,profit,year,order_year,order_month,order_day,ship_year,ship_month,ship_day,shipping_delay,profit_predicted,error_abs
267,CA-2017-136826,2017-06-16,2017-06-20,3,CB-12535,1,73,31,75,2,588,1,2,1319,14.016,3,0.2,4.7304,2017,2017,6,16,2017,6,20,4,-4.3881674,9.11856738128662
2287,CA-2017-165687,2017-11-17,2017-11-23,3,CS-12355,0,430,44,68,2,458,1,1,336,35.04,2,0.0,12.264,2017,2017,11,17,2017,11,23,6,29.196781,16.932781158447266
3044,CA-2017-149559,2017-09-11,2017-09-12,1,KF-16285,2,262,3,527,3,87,0,5,852,2054.272,8,0.2,256.784,2017,2017,9,11,2017,9,12,1,182.61095,74.17305334472655
3900,CA-2017-157980,2017-12-07,2017-12-09,0,SH-20395,0,485,33,195,1,1535,2,0,1004,127.984,2,0.2,25.5968,2017,2017,12,7,2017,12,9,2,1.2901378,24.306662232208254
751,CA-2017-126074,2017-10-02,2017-10-06,3,RF-19735,0,487,20,235,0,262,0,9,1178,157.74,11,0.0,56.7864,2017,2017,10,2,2017,10,6,4,29.067238,27.719162145996094
8756,CA-2017-152198,2017-09-09,2017-09-10,0,JD-16015,0,485,33,195,1,701,1,3,58,6.258,2,0.7,-5.215,2017,2017,9,9,2017,9,10,1,-33.09644,27.881439361572266
4642,CA-2017-130141,2017-10-22,2017-10-24,2,HA-14905,0,152,4,461,3,668,1,3,1513,3.168,4,0.7,-2.5344,2017,2017,10,22,2017,10,24,2,-6.268242,3.7338418823242185
4637,CA-2017-168228,2017-04-27,2017-04-29,0,AP-10915,0,266,3,518,3,577,1,2,363,123.92,4,0.0,33.4584,2017,2017,4,27,2017,4,29,2,30.759275,2.6991245635986303
7183,CA-2017-150609,2017-04-30,2017-05-04,3,NZ-18565,2,266,3,516,3,723,1,3,639,23.24,5,0.2,7.553,2017,2017,4,30,2017,5,4,4,9.00545,1.4524502487182618
1708,CA-2017-123491,2017-10-30,2017-11-05,3,JK-15205,0,438,3,578,3,1810,2,13,732,148.48,2,0.2,16.704,2017,2017,10,30,2017,11,5,6,29.307974,12.603973861694335
4710,CA-2017-138149,2017-06-29,2017-06-30,0,WB-21850,0,266,3,519,3,478,1,2,1135,11.68,2,0.0,3.0368,2017,2017,6,29,2017,6,30,1,18.65146,15.614660647583008
1797,US-2017-139465,2017-08-27,2017-08-30,0,MR-17545,2,329,30,2,1,1695,2,13,724,347.97,3,0.0,100.9113,2017,2017,8,27,2017,8,30,3,107.31695,6.405647937011722
5338,CA-2017-111577,2017-10-16,2017-10-21,3,AJ-10780,1,451,1,490,3,1018,1,12,780,307.776,7,0.2,111.5688,2017,2017,10,16,2017,10,21,5,2.5826597,108.98614027862548
2425,US-2017-147669,2017-12-25,2017-12-30,3,SV-20935,0,147,33,208,1,661,1,3,1419,13.023,1,0.7,-10.4184,2017,2017,12,25,2017,12,30,5,10.603095,21.021495054626463
361,CA-2017-155698,2017-03-08,2017-03-11,0,VB-21745,1,94,9,111,2,959,1,10,232,20.7,2,0.0,9.936,2017,2017,3,8,2017,3,11,3,24.098455,14.162455429077148
3192,CA-2017-123981,2017-10-02,2017-10-08,3,RW-19630,1,329,30,3,1,1756,2,13,1265,65.99,1,0.0,17.1574,2017,2017,10,2,2017,10,8,6,41.108288,23.950887811279298
3749,CA-2017-161956,2017-08-27,2017-08-29,2,DR-12880,1,212,3,521,3,400,1,1,34,321.92,4,0.0,96.576,2017,2017,8,27,2017,8,29,2,47.910664,48.665336395263665
7801,CA-2017-157413,2017-06-01,2017-06-06,3,BW-11065,0,374,36,33,1,1379,1,14,1558,324.744,3,0.2,-77.1267,2017,2017,6,1,2017,6,6,5,-21.348848,55.77785165710449
8639,CA-2017-118346,2017-07-23,2017-07-24,0,PO-19180,2,224,47,261,0,1476,2,0,1003,399.95,5,0.0,143.982,2017,2017,7,23,2017,7,24,1,142.22678,1.7552238769531243
3849,CA-2017-161053,2017-09-22,2017-09-23,0,JE-15745,0,150,2,378,2,817,1,3,894,691.96,4,0.0,318.3016,2017,2017,9,22,2017,9,23,1,289.8606,28.441004296875008
4652,CA-2017-150987,2017-04-08,2017-04-12,3,AH-10120,2,438,3,577,3,1191,1,12,1730,195.76,4,0.0,97.88,2017,2017,4,8,2017,4,12,4,25.493034,72.38696563720703
4373,US-2017-169320,2017-07-23,2017-07-25,2,LH-16900,0,138,12,219,0,588,1,2,1319,11.68,2,0.0,5.4896,2017,2017,7,23,2017,7,25,2,11.966889,6.477289381408691
5277,CA-2017-147333,2017-12-14,2017-12-20,3,KL-16555,1,150,2,378,2,1548,2,0,960,44.75,5,0.0,8.5025,2017,2017,12,14,2017,12,20,6,6.129282,2.3732180023193354
9119,CA-2017-153045,2017-01-19,2017-01-24,2,NS-18505,0,374,36,35,1,1227,1,12,1516,21.696,4,0.2,7.0512,2017,2017,1,19,2017,1,24,5,-20.872198,27.9233981048584
9847,CA-2017-169327,2017-09-02,2017-09-04,2,MH-17290,2,266,3,515,3,408,1,1,78,43.1,5,0.0,11.206,2017,2017,9,2,2017,9,4,2,0.44907862,10.756921380519866
2570,CA-2017-134404,2017-12-27,2017-12-27,1,DR-12880,1,330,33,189,1,1700,2,13,37,164.388,2,0.4,-35.6174,2017,2017,12,27,2017,12,27,0,11.364864,46.98226434936524
6771,CA-2017-139402,2017-12-09,2017-12-13,3,NC-18535,1,375,1,486,3,1262,1,12,1104,419.4,5,0.2,146.79,2017,2017,12,9,2017,12,13,4,20.179445,126.61055473327636
7938,CA-2017-166093,2017-08-17,2017-08-24,3,RW-19540,1,49,3,581,3,396,1,1,1417,2518.29,9,0.0,654.7554,2017,2017,8,17,2017,8,24,7,92.83837,561.9170287231445
395,CA-2017-102946,2017-06-30,2017-07-05,3,VP-21730,2,245,26,511,3,824,1,3,1577,75.792,3,0.2,25.5798,2017,2017,6,30,2017,7,5,5,-0.9632446,26.54304461698532
2746,CA-2017-163321,2017-08-07,2017-08-11,2,FM-14380,0,216,31,87,2,1586,2,0,1005,79.992,1,0.2,21.9978,2017,2017,8,7,2017,8,11,4,57.753994,35.75619398803711
6380,CA-2017-150623,2017-04-10,2017-04-14,3,DB-13360,2,506,5,349,1,1399,1,14,1338,286.15,5,0.0,71.5375,2017,2017,4,10,2017,4,14,4,29.472788,42.06471214294433
1623,CA-2017-108560,2017-07-08,2017-07-15,3,JC-15385,0,225,45,615,3,680,1,3,720,23.168,2,0.2,7.8192,2017,2017,7,8,2017,7,15,7,16.123604,8.30440382080078
715,US-2017-100048,2017-05-19,2017-05-24,3,RS-19765,1,316,30,5,1,1503,2,0,1018,299.97,3,0.0,113.9886,2017,2017,5,19,2017,5,24,5,155.90167,41.913072363281245
1192,CA-2017-117212,2017-02-26,2017-02-28,2,BT-11530,2,266,3,517,3,1144,1,12,1692,223.92,4,0.0,109.7208,2017,2017,2,26,2017,2,28,2,64.1194,45.601399975585934
5391,CA-2017-163874,2017-11-10,2017-11-12,2,NC-18535,1,452,45,620,3,640,1,3,689,26.352,3,0.2,9.5526,2017,2017,11,10,2017,11,12,2,11.96675,2.414150144958496
1960,CA-2017-110905,2017-09-10,2017-09-15,2,RW-19690,0,464,23,345,0,469,1,1,821,33.99,3,0.0,14.6157,2017,2017,9,10,2017,9,15,5,11.094851,3.5208494598388675
2123,CA-2017-167381,2017-09-22,2017-09-24,2,EH-14005,2,242,20,247,0,15,0,4,1183,241.96,2,0.0,41.1332,2017,2017,9,22,2017,9,24,2,-0.50152254,41.634722541046145
4689,US-2017-154851,2017-03-30,2017-04-03,3,BP-11155,0,241,36,26,1,695,1,3,73,5.715,5,0.7,-4.7625,2017,2017,3,30,2017,4,3,4,-25.972895,21.210394668579102
3254,CA-2017-110373,2017-10-27,2017-10-30,2,MA-17560,2,80,11,320,0,1729,2,13,1480,27.184,2,0.2,2.0388,2017,2017,10,27,2017,10,30,3,-0.038667843,2.077467842745781
8994,CA-2017-159100,2017-10-16,2017-10-21,3,VP-21760,1,93,40,174,2,338,0,16,285,1875.258,7,0.4,-968.8833,2017,2017,10,16,2017,10,21,5,-455.42783,513.4554740722656
1160,CA-2017-147039,2017-06-29,2017-07-04,3,AA-10315,0,300,21,281,0,387,1,1,292,362.94,3,0.0,90.735,2017,2017,6,29,2017,7,4,5,173.51758,82.782578125
9091,US-2017-148831,2017-10-13,2017-10-15,0,AH-10210,0,267,15,179,2,1382,1,14,1572,348.56,8,0.0,104.568,2017,2017,10,13,2017,10,15,2,36.902847,67.66515270996094
570,CA-2017-156951,2017-10-01,2017-10-08,3,EB-13840,1,452,45,620,3,135,0,5,842,451.152,3,0.2,0.0,2017,2017,10,1,2017,10,8,7,14.224797,14.224797248840332
8363,CA-2017-147207,2017-01-02,2017-01-04,2,TS-21655,0,137,41,449,0,350,0,16,320,913.43,5,0.3,-169.637,2017,2017,1,2,2017,1,4,2,-89.45563,80.18137255859375
8281,CA-2017-134810,2017-05-09,2017-05-10,0,MC-17605,1,216,31,87,2,869,1,7,1581,65.232,3,0.2,22.0158,2017,2017,5,9,2017,5,10,1,13.091863,8.923937321472167
3690,CA-2017-140760,2017-06-02,2017-06-05,2,DO-13435,0,293,1,487,3,854,1,7,1042,43.92,5,0.2,15.921,2017,2017,6,2,2017,6,5,3,-5.5242567,21.445256706237792
4866,CA-2017-122490,2017-11-13,2017-11-18,3,TT-21070,0,452,45,619,3,67,0,5,769,2404.704,6,0.2,150.294,2017,2017,11,13,2017,11,18,5,293.44897,143.154974609375
7882,CA-2017-118017,2017-12-03,2017-12-06,2,LC-16870,0,481,4,459,3,1515,2,0,1070,76.752,6,0.2,10.5534,2017,2017,12,3,2017,12,6,3,-1.3057874,11.859187444114685
7920,CA-2017-139822,2017-09-15,2017-09-21,3,Dp-13240,2,506,5,349,1,1324,1,14,583,38.62,2,0.0,10.8136,2017,2017,9,15,2017,9,21,6,8.724432,2.0891680084228508
198,CA-2017-107720,2017-11-06,2017-11-13,3,VM-21685,2,515,28,368,1,1338,1,14,507,46.26,3,0.0,12.0276,2017,2017,11,6,2017,11,13,7,16.147474,4.11987428894043
7888,CA-2017-118017,2017-12-03,2017-12-06,2,LC-16870,0,481,4,459,3,287,0,9,491,16.192,1,0.2,4.6552,2017,2017,12,3,2017,12,6,3,13.112044,8.45684433441162
5556,CA-2017-116113,2017-10-02,2017-10-06,2,JW-15220,1,310,0,156,2,243,0,9,1047,10.16,2,0.0,3.4544,2017,2017,10,2,2017,10,6,4,41.834328,38.37992769775391
5822,CA-2017-117632,2017-05-12,2017-05-18,3,CS-12175,1,438,3,578,3,471,1,1,864,7.77,1,0.0,2.0979,2017,2017,5,12,2017,5,18,6,1.3949512,0.7029487756729127
5934,US-2017-169551,2017-07-07,2017-07-09,0,RL-19615,0,374,36,33,1,1516,2,0,137,16.776,3,0.2,4.8231,2017,2017,7,7,2017,7,9,2,-4.5766516,9.399751573181153
6425,CA-2017-115777,2017-08-19,2017-08-24,3,DO-13645,0,247,19,30,1,1057,1,12,1794,19.44,3,0.0,9.3312,2017,2017,8,19,2017,8,24,5,115.39043,106.05922663574219
3717,CA-2017-144568,2017-05-29,2017-06-02,3,JO-15550,2,348,25,354,0,939,1,8,1282,23.55,5,0.0,1.1775,2017,2017,5,29,2017,6,2,4,-0.038667843,1.216167842745781
7887,CA-2017-118017,2017-12-03,2017-12-06,2,LC-16870,0,481,4,459,3,295,0,9,576,16.72,5,0.2,3.344,2017,2017,12,3,2017,12,6,3,10.773882,7.429881912231446
6622,US-2017-167402,2017-01-13,2017-01-18,2,CP-12085,1,464,23,345,0,10,0,4,844,212.94,3,0.0,53.235,2017,2017,1,13,2017,1,18,5,-3.0942626,56.32926259994507
8392,CA-2017-110625,2017-12-23,2017-12-30,3,JB-16045,2,110,5,353,1,183,0,9,493,27.46,2,0.0,9.8856,2017,2017,12,23,2017,12,30,7,18.043734,8.158133596801758
2596,CA-2017-149048,2017-05-13,2017-05-17,3,BM-11650,1,94,12,223,0,831,1,3,896,914.97,3,0.0,411.7365,2017,2017,5,13,2017,5,17,4,56.54086,355.19564077758787
9270,US-2017-102183,2017-08-21,2017-08-28,3,PK-19075,0,329,30,3,1,775,1,3,258,32.088,7,0.2,11.2308,2017,2017,8,21,2017,8,28,7,28.290516,17.0597158996582
7568,CA-2017-140802,2017-04-21,2017-04-23,0,KN-16390,1,207,41,417,0,1108,1,12,1828,20.736,4,0.2,7.2576,2017,2017,4,21,2017,4,23,2,-0.038667843,7.296267842745781
4882,CA-2017-143567,2017-11-02,2017-11-05,2,TB-21175,1,194,15,187,2,1575,2,0,1020,2249.91,9,0.0,517.4793,2017,2017,11,2,2017,11,5,3,166.58875,350.89055488281247
3127,CA-2017-149895,2017-09-08,2017-09-12,3,EB-14110,0,374,36,34,1,1759,2,13,48,258.528,2,0.4,-47.3968,2017,2017,9,8,2017,9,12,4,0.9751423,48.371942300128936
561,CA-2017-118731,2017-11-20,2017-11-22,2,LP-17080,0,438,3,577,3,639,1,3,700,84.056,7,0.2,27.3182,2017,2017,11,20,2017,11,22,2,18.493284,8.824915774536134
4838,CA-2017-106831,2017-06-01,2017-06-03,0,FH-14350,0,126,33,188,1,773,1,3,408,3.798,2,0.7,-2.6586,2017,2017,6,1,2017,6,3,2,-10.011984,7.353383871459961
931,CA-2017-144932,2017-04-14,2017-04-17,0,AB-10165,0,485,33,195,1,519,1,2,1413,89.856,3,0.2,21.3408,2017,2017,4,14,2017,4,17,3,11.984122,9.35667772369385
975,US-2017-103247,2017-10-05,2017-10-08,2,PO-19195,2,329,30,1,1,1812,2,13,1099,160.93,7,0.0,3.2186,2017,2017,10,5,2017,10,8,3,0.4570006,2.7615993867874145
4928,CA-2017-143245,2017-12-01,2017-12-06,3,AD-10180,2,147,5,355,1,1145,1,12,1810,19.44,3,0.0,9.3312,2017,2017,12,1,2017,12,6,5,23.050995,13.719794873046874
3626,CA-2017-113530,2017-05-19,2017-05-21,2,BC-11125,2,438,3,576,3,514,1,2,1116,3.52,2,0.0,1.0208,2017,2017,5,19,2017,5,21,2,2.9292843,1.9084843341827393
6153,CA-2017-139437,2017-07-03,2017-07-08,3,RD-19585,0,266,3,514,3,1371,1,14,1352,87.92,4,0.0,0.8792,2017,2017,7,3,2017,7,8,5,-4.273948,5.1531481925964355
1921,US-2017-111423,2017-08-17,2017-08-19,0,EH-13765,1,508,30,17,1,117,0,5,742,462.564,2,0.1,97.6524,2017,2017,8,17,2017,8,19,2,122.90673,25.25433065185547
7845,US-2017-123834,2017-07-21,2017-07-25,3,GM-14500,0,373,41,440,0,329,0,16,835,124.404,4,0.3,-21.3264,2017,2017,7,21,2017,7,25,4,-36.541576,15.215176385498047
9961,CA-2017-141446,2017-09-16,2017-09-18,2,CL-12700,2,151,15,182,2,1523,2,0,957,18.0,1,0.0,3.24,2017,2017,9,16,2017,9,18,2,18.467743,15.227742919921875
8108,CA-2017-159149,2017-02-17,2017-02-19,0,CR-12820,2,207,41,416,0,1680,2,13,938,438.336,4,0.2,-87.6672,2017,2017,2,17,2017,2,19,2,-24.917683,62.749517352294916
6658,CA-2017-135937,2017-02-20,2017-02-27,3,KM-16375,2,166,1,489,3,898,1,7,982,10.64,5,0.2,3.857,2017,2017,2,20,2017,2,27,7,-17.163332,21.020331985473632
9474,CA-2017-102925,2017-11-05,2017-11-10,2,CD-12280,0,329,30,2,1,294,0,9,415,101.4,5,0.0,38.532,2017,2017,11,5,2017,11,10,5,26.359966,12.172033721923825
9989,CA-2017-163629,2017-11-17,2017-11-21,3,RA-19885,1,20,9,108,2,1826,2,13,1233,206.1,5,0.0,55.647,2017,2017,11,17,2017,11,21,4,42.88694,12.760059997558592
2470,CA-2017-128755,2017-05-04,2017-05-08,3,MK-18160,0,331,44,66,2,1333,1,14,1544,16.91,1,0.0,4.5657,2017,2017,5,4,2017,5,8,4,16.5933,12.027599865722657
1994,CA-2017-133648,2017-06-25,2017-07-02,3,ML-17755,2,464,35,609,3,548,1,2,589,5.344,2,0.2,0.7348,2017,2017,6,25,2017,7,2,7,-0.038667843,0.773467842745781
2572,CA-2017-109778,2017-07-16,2017-07-21,3,VM-21685,2,525,11,304,0,596,1,2,473,2.912,2,0.2,0.91,2017,2017,7,16,2017,7,21,5,-1.924826,2.8348260259628297
680,US-2017-119438,2017-03-18,2017-03-23,3,CD-11980,0,493,41,404,0,831,1,3,896,182.994,3,0.8,-320.2395,2017,2017,3,18,2017,3,23,5,62.053127,382.2926272888184
887,CA-2017-115364,2017-06-26,2017-07-02,3,OT-18730,0,437,3,542,3,1372,1,14,587,83.76,12,0.0,1.6752,2017,2017,6,26,2017,7,2,6,-0.038667843,1.713867842745781
1569,US-2017-152002,2017-06-11,2017-06-11,1,DV-13465,0,266,3,514,3,1044,1,12,1617,122.97,3,0.0,60.2553,2017,2017,6,11,2017,6,11,0,50.445755,9.809544995117186
2781,CA-2017-167668,2017-05-06,2017-05-08,0,TC-21295,0,329,30,3,1,1007,1,10,214,59.2,4,0.0,29.6,2017,2017,5,6,2017,5,8,2,35.28133,5.681330108642577
6095,CA-2017-100111,2017-09-20,2017-09-26,3,SV-20365,0,329,30,3,1,1307,1,14,1449,45.4,4,0.0,12.712,2017,2017,9,20,2017,9,26,6,16.671007,3.9590071563720706
4191,CA-2017-166709,2017-11-17,2017-11-22,3,HL-15040,0,330,6,39,1,1614,2,6,404,10499.97,3,0.0,5039.9856,2017,2017,11,17,2017,11,22,5,4054.7627,985.2229046875
1784,CA-2017-166317,2017-09-22,2017-09-26,3,JE-15610,1,299,47,263,0,1268,1,12,1728,219.84,4,0.0,107.7216,2017,2017,9,22,2017,9,26,4,59.22915,48.4924511352539
4292,CA-2017-102407,2017-12-09,2017-12-13,2,AT-10435,2,266,3,514,3,358,0,16,317,896.328,9,0.2,22.4082,2017,2017,12,9,2017,12,13,4,96.2932,73.88499763183594
9011,CA-2017-127803,2017-05-19,2017-05-23,3,ND-18460,1,209,0,155,2,713,1,3,1631,26.16,4,0.0,12.8184,2017,2017,5,19,2017,5,23,4,11.954577,0.8638225540161137
8773,CA-2017-115882,2017-09-14,2017-09-17,0,DB-13555,1,394,31,77,2,1084,1,12,1779,74.352,3,0.2,23.235,2017,2017,9,14,2017,9,17,3,36.661858,13.42685760498047
7515,US-2017-167920,2017-12-09,2017-12-12,2,JL-15835,0,407,15,181,2,815,1,3,1836,29.36,2,0.0,13.5056,2017,2017,12,9,2017,12,12,3,16.810387,3.3047866577148444
4927,CA-2017-117653,2017-10-19,2017-10-23,3,MO-17500,0,80,11,321,0,351,0,16,977,91.275,1,0.5,-67.5435,2017,2017,10,19,2017,10,23,4,1.6217667,69.16526668643951
2955,CA-2017-134915,2017-11-12,2017-11-12,1,EM-14140,2,168,1,492,3,1724,2,13,1388,671.984,2,0.2,50.3988,2017,2017,11,12,2017,11,12,0,162.8985,112.49969853515626
4538,CA-2017-138464,2017-07-08,2017-07-12,3,VF-21715,2,452,45,621,3,586,1,2,1841,18.24,3,0.0,6.2016,2017,2017,7,8,2017,7,12,4,14.669019,8.467418745422364
9337,CA-2017-130715,2017-09-16,2017-09-20,3,CY-12745,1,438,3,577,3,908,1,8,1197,17.9,5,0.0,8.771,2017,2017,9,16,2017,9,20,4,7.832773,0.9382267913818367
9759,CA-2017-113705,2017-03-27,2017-03-29,2,LC-16870,0,407,44,62,2,1178,1,12,142,17.64,4,0.0,8.1144,2017,2017,3,27,2017,3,29,2,-0.038667843,8.15306784274578
2171,CA-2017-117870,2017-01-27,2017-01-30,2,JH-15820,0,225,33,204,1,1823,2,13,930,107.982,3,0.4,-26.9955,2017,2017,1,27,2017,1,30,3,-0.13720974,26.858290256738663
415,CA-2017-142636,2017-11-03,2017-11-07,3,KC-16675,1,452,45,620,3,1024,1,12,1694,139.86,7,0.0,65.7342,2017,2017,11,3,2017,11,7,4,28.222998,37.51120233459473
4865,CA-2017-163531,2017-06-26,2017-06-30,3,SC-20725,0,329,30,2,1,1721,2,13,1096,239.97,3,0.0,67.1916,2017,2017,6,26,2017,6,30,4,54.620388,12.571211968994135
6242,CA-2017-141572,2017-05-28,2017-05-31,2,LO-17170,1,96,27,124,1,176,0,9,116,247.44,8,0.0,101.4504,2017,2017,5,28,2017,5,31,3,54.81216,46.63823950805664
108,CA-2017-119004,2017-11-23,2017-11-28,3,JM-15250,0,74,31,84,2,1791,2,13,1478,27.992,1,0.2,2.0994,2017,2017,11,23,2017,11,28,5,2.4972627,0.3978627162933348
7521,US-2017-167920,2017-12-09,2017-12-12,2,JL-15835,0,407,15,181,2,1603,2,6,398,1399.98,2,0.0,629.991,2017,2017,12,9,2017,12,12,3,415.2195,214.77148706054686
654,CA-2017-140844,2017-06-19,2017-06-23,3,AR-10405,1,329,30,3,1,1486,2,0,1459,103.12,8,0.0,10.312,2017,2017,6,19,2017,6,23,4,293.2403,282.92829541015624
3177,US-2017-132059,2017-09-23,2017-09-29,3,AP-10915,0,152,4,461,3,1556,2,0,303,47.984,2,0.2,0.5998,2017,2017,9,23,2017,9,29,6,-36.756584,37.35638416748047
3440,CA-2017-152583,2017-10-30,2017-10-30,1,RA-19945,0,109,41,402,0,1361,1,14,1659,54.192,6,0.2,4.0644,2017,2017,10,30,2017,10,30,0,-24.141348,28.205747885131835
1513,CA-2017-112809,2017-08-18,2017-08-22,3,RA-19915,0,109,41,403,0,1362,1,14,1383,200.064,3,0.2,12.504,2017,2017,8,18,2017,8,22,4,-13.455772,25.95977239990234
8952,CA-2017-150910,2017-12-22,2017-12-28,3,JL-15130,0,215,40,173,2,1322,1,14,472,26.16,3,0.2,1.962,2017,2017,12,22,2017,12,28,6,-16.268734,18.230733978271484
1058,CA-2017-167150,2017-12-10,2017-12-17,3,BP-11185,1,437,3,540,3,678,1,3,256,19.936,4,0.2,7.2268,2017,2017,12,10,2017,12,17,7,7.353487,0.12668701477050792
8875,CA-2017-142489,2017-11-14,2017-11-16,2,TC-21295,0,207,41,418,0,784,1,3,1639,21.99,5,0.8,-32.985,2017,2017,11,14,2017,11,16,2,-41.128838,8.14383758544922
1103,US-2017-145863,2017-04-21,2017-04-27,3,RP-19390,0,207,41,416,0,807,1,3,259,2.694,3,0.8,-4.7145,2017,2017,4,21,2017,4,27,6,-7.5632935,2.84879345703125
1189,CA-2017-117212,2017-02-26,2017-02-28,2,BT-11530,2,266,3,517,3,465,1,1,946,81.92,4,0.0,22.1184,2017,2017,2,26,2017,2,28,2,10.502316,11.61608352508545
2705,CA-2017-156818,2017-07-11,2017-07-13,2,JD-16015,0,329,30,0,1,1524,2,0,1404,132.6,6,0.0,17.238,2017,2017,7,11,2017,7,13,2,14.183081,3.054919326782226
832,CA-2017-129462,2017-06-16,2017-06-21,2,JE-15745,0,151,15,182,2,1731,2,13,1314,191.98,2,0.0,51.8346,2017,2017,6,16,2017,6,21,5,66.7677,14.933100195312498
9378,CA-2017-155362,2017-12-17,2017-12-21,3,DP-13105,1,132,47,270,0,1326,1,14,113,32.56,2,0.0,8.4656,2017,2017,12,17,2017,12,21,4,43.435562,34.96996213378906
4031,CA-2017-124296,2017-12-24,2017-12-28,3,CS-12355,0,233,16,364,2,91,0,5,906,232.88,4,0.0,60.5488,2017,2017,12,24,2017,12,28,4,42.22559,18.323210247802734
426,CA-2017-149160,2017-11-23,2017-11-26,2,JM-15265,1,64,20,237,0,254,0,9,457,28.4,2,0.0,11.076,2017,2017,11,23,2017,11,26,3,62.265553,51.18955252075195
4047,CA-2017-100356,2017-10-21,2017-10-25,3,SP-20920,0,80,11,322,0,417,1,1,299,23.992,2,0.8,-62.3792,2017,2017,10,21,2017,10,25,4,-49.845047,12.534153002929685
1604,CA-2017-116645,2017-11-30,2017-12-04,3,ME-17725,0,330,6,39,1,503,1,2,280,155.94,6,0.0,45.2226,2017,2017,11,30,2017,12,4,4,21.78181,23.440789239501953
200,US-2017-124303,2017-07-06,2017-07-13,3,FH-14365,1,374,36,33,1,1185,1,12,1649,16.056,3,0.2,5.8203,2017,2017,7,6,2017,7,13,7,-0.5250387,6.345338719177246
2630,US-2017-165344,2017-11-13,2017-11-15,0,SB-20290,1,464,33,212,1,765,1,3,83,11.22,10,0.7,-7.48,2017,2017,11,13,2017,11,15,2,-0.038667843,7.4413321572542195
5191,US-2017-136679,2017-11-14,2017-11-18,3,XP-21865,0,364,41,422,0,587,1,2,358,45.04,2,0.2,4.504,2017,2017,11,14,2017,11,18,4,4.452924,0.05107622528076128
8440,CA-2017-114370,2017-03-14,2017-03-17,2,BN-11470,1,80,11,321,0,1687,2,13,1432,49.616,2,0.2,4.9616,2017,2017,3,14,2017,3,17,3,0.15252097,4.809079030489921
883,US-2017-123463,2017-12-23,2017-12-23,1,GZ-14470,0,438,3,576,3,504,1,2,332,13.48,4,0.0,5.9312,2017,2017,12,23,2017,12,23,0,17.017918,11.08671763305664
8936,CA-2017-130036,2017-08-27,2017-08-27,1,BP-11185,1,374,36,33,1,1510,2,0,1016,1119.888,14,0.2,209.979,2017,2017,8,27,2017,8,27,0,33.39205,176.58694830322267
8859,CA-2017-135909,2017-10-13,2017-10-20,3,JW-15220,1,422,3,600,3,776,1,3,650,5083.96,5,0.2,1906.485,2017,2017,10,13,2017,10,20,7,1240.3356,666.1494287109374
6270,CA-2017-102379,2017-12-02,2017-12-06,3,BB-11545,1,342,3,587,3,1723,2,13,150,39.992,1,0.2,-7.9984,2017,2017,12,2,2017,12,6,4,-23.835104,15.83670398864746
6713,CA-2017-107629,2017-12-14,2017-12-14,1,DB-13060,0,457,11,301,0,219,0,9,1360,266.352,6,0.6,-292.9872,2017,2017,12,14,2017,12,14,0,-1.673639,291.3135609409332
1515,CA-2017-112809,2017-08-18,2017-08-22,3,RA-19915,0,109,41,403,0,703,1,3,900,6.744,4,0.8,-11.4648,2017,2017,8,18,2017,8,22,4,-10.1727295,1.2920705078125003
2691,CA-2017-156412,2017-12-04,2017-12-08,3,CM-12160,0,374,36,34,1,820,1,3,1511,5.346,3,0.7,-4.455,2017,2017,12,4,2017,12,8,4,-7.933172,3.4781722259521484
4925,CA-2017-114055,2017-12-25,2017-12-29,2,MH-18115,2,209,0,155,2,1793,2,13,39,90.48,2,0.0,23.5248,2017,2017,12,25,2017,12,29,4,26.318207,2.793406787109376
7904,CA-2017-128363,2017-08-13,2017-08-18,3,DC-12850,0,289,40,170,2,82,0,5,850,423.648,2,0.2,47.6604,2017,2017,8,13,2017,8,18,5,61.026375,13.365974816894528
8872,CA-2017-101805,2017-12-01,2017-12-06,3,SH-19975,1,452,45,620,3,1379,1,14,1558,541.24,4,0.0,5.4124,2017,2017,12,1,2017,12,6,5,8.172354,2.759953744506836
4246,CA-2017-117702,2017-11-28,2017-12-04,3,LS-16975,2,28,18,49,1,621,1,2,274,1.64,1,0.0,0.738,2017,2017,11,28,2017,12,4,6,10.749268,10.011267578125
2639,CA-2017-108441,2017-06-12,2017-06-18,3,SB-20170,0,329,30,3,1,669,1,3,147,13.128,3,0.2,4.2666,2017,2017,6,12,2017,6,18,6,13.45835,9.19175018157959
372,CA-2017-104745,2017-05-29,2017-06-04,3,GT-14755,0,189,41,439,0,1360,1,14,664,53.424,3,0.2,4.6746,2017,2017,5,29,2017,6,4,6,16.426935,11.752335195922852
9181,CA-2017-156776,2017-08-07,2017-08-11,3,JL-15505,0,517,3,560,3,771,1,3,410,11.952,3,0.2,4.1832,2017,2017,8,7,2017,8,11,4,-0.038667843,4.221867842745781
2622,CA-2017-115931,2017-12-22,2017-12-26,3,JM-15655,1,65,29,506,3,963,1,10,227,18.45,5,0.0,8.6715,2017,2017,12,22,2017,12,26,4,4.905885,3.7656147804260254
9033,CA-2017-105823,2017-06-22,2017-06-26,3,RB-19465,2,123,20,239,0,55,0,5,839,487.96,2,0.0,146.388,2017,2017,6,22,2017,6,26,4,226.60992,80.22192431640624
3103,CA-2017-119578,2017-12-22,2017-12-27,2,JG-15310,1,390,37,92,1,34,0,4,381,220.98,1,0.0,50.8254,2017,2017,12,22,2017,12,27,5,109.90661,59.08120858154297
9982,CA-2017-163566,2017-08-03,2017-08-06,0,TB-21055,0,147,33,208,1,1006,1,10,182,16.52,5,0.2,5.369,2017,2017,8,3,2017,8,6,3,-0.038667843,5.407667842745781
8200,CA-2017-125269,2017-04-24,2017-04-30,3,AF-10870,0,80,11,320,0,701,1,3,58,10.43,5,0.8,-18.2525,2017,2017,4,24,2017,4,30,6,-241.63155,223.37904602050781
4101,US-2017-102288,2017-06-19,2017-06-23,3,ZC-21910,0,207,41,418,0,467,1,1,823,2.264,1,0.8,-5.2072,2017,2017,6,19,2017,6,23,4,-50.845448,45.6382475402832
3296,CA-2017-113418,2017-10-01,2017-10-03,0,CM-12655,2,329,30,3,1,1643,2,11,652,1704.89,11,0.0,767.2005,2017,2017,10,1,2017,10,3,2,366.332,400.86849926757816
6126,CA-2017-145772,2017-06-03,2017-06-07,3,SS-20140,1,266,3,517,3,1112,1,12,1735,11.96,2,0.0,5.382,2017,2017,6,3,2017,6,7,4,9.648284,4.266283958435059
1904,CA-2017-167094,2017-10-21,2017-10-22,0,DK-12835,1,464,35,609,3,50,0,5,740,478.48,2,0.2,47.848,2017,2017,10,21,2017,10,22,1,30.70547,17.142530868530272
6906,US-2017-149006,2017-12-06,2017-12-08,2,BN-11470,1,49,3,581,3,1386,1,14,1495,10.68,1,0.0,2.8836,2017,2017,12,6,2017,12,8,2,13.802875,10.919274565124512
6025,CA-2017-139717,2017-08-24,2017-08-26,2,DM-13015,0,241,33,191,1,394,1,1,170,646.272,8,0.2,64.6272,2017,2017,8,24,2017,8,26,2,-3.5582535,68.18545352668762
9923,US-2017-162124,2017-05-06,2017-05-10,3,JF-15490,0,80,11,322,0,1512,2,0,954,191.968,4,0.2,28.7952,2017,2017,5,6,2017,5,10,4,4.8625298,23.93267024536133
9222,CA-2017-103212,2017-10-13,2017-10-14,0,MH-18025,0,233,16,364,2,355,0,16,368,1504.52,4,0.0,346.0396,2017,2017,10,13,2017,10,14,1,11.284456,334.75514374694825
5651,CA-2017-142342,2017-07-17,2017-07-19,2,AJ-10795,1,14,3,545,3,1381,1,14,1506,10.56,2,0.0,0.0,2017,2017,7,17,2017,7,19,2,-0.038667843,0.038667842745780945
7231,CA-2017-153843,2017-03-13,2017-03-15,0,SC-20380,0,147,5,355,1,733,1,3,715,30.88,2,0.0,15.44,2017,2017,3,13,2017,3,15,2,56.11442,40.674421844482424
4144,CA-2017-112725,2017-01-30,2017-02-06,3,EH-14125,2,438,3,577,3,596,1,2,473,12.74,7,0.0,5.733,2017,2017,1,30,2017,2,6,7,2.0544052,3.678594787597656
8449,CA-2017-125451,2017-10-23,2017-10-24,0,AH-10075,1,107,37,93,1,374,0,16,1200,637.896,3,0.3,-127.5792,2017,2017,10,23,2017,10,24,1,-44.09927,83.47993013305664
9739,CA-2017-129294,2017-03-16,2017-03-21,3,KD-16615,1,266,3,516,3,815,1,3,1836,70.464,6,0.2,22.9008,2017,2017,3,16,2017,3,21,5,12.350475,10.550324688720703
1516,US-2017-160759,2017-12-11,2017-12-17,3,AI-10855,0,374,36,33,1,98,0,5,975,63.686,1,0.3,-9.098,2017,2017,12,11,2017,12,17,6,-3.5583644,5.5396356086730965
5518,CA-2017-117667,2017-12-04,2017-12-09,3,MS-17980,1,374,36,34,1,125,0,5,738,239.96,10,0.3,-10.284,2017,2017,12,4,2017,12,9,5,-8.3107395,1.9732604827880866
4473,CA-2017-121300,2017-09-29,2017-09-29,1,MG-17680,2,290,33,199,1,1586,2,0,1005,239.976,3,0.2,65.9934,2017,2017,9,29,2017,9,29,0,6.3583355,59.63506450500488
5013,US-2017-160465,2017-07-21,2017-07-26,3,SW-20350,2,86,33,200,1,705,1,3,1602,33.93,3,0.7,-22.62,2017,2017,7,21,2017,7,26,5,-21.430782,1.1892176818847666
8716,CA-2017-121678,2017-11-16,2017-11-20,2,BM-11650,1,140,33,197,1,757,1,3,1310,1.824,1,0.7,-1.3984,2017,2017,11,16,2017,11,20,4,-24.345654,22.947253533935548
1849,CA-2017-128370,2017-09-10,2017-09-10,1,FH-14275,1,266,3,514,3,807,1,3,259,7.184,2,0.2,2.245,2017,2017,9,10,2017,9,10,0,3.9039812,1.6589812088012694
8971,CA-2017-157469,2017-12-02,2017-12-07,3,ES-14080,1,240,33,201,1,1843,2,13,41,151.188,2,0.4,-25.198,2017,2017,12,2,2017,12,7,5,5.3616176,30.55961756515503
7964,CA-2017-104864,2017-11-18,2017-11-23,2,JS-15685,1,301,8,127,2,433,1,1,54,389.056,4,0.2,48.632,2017,2017,11,18,2017,11,23,5,198.56253,149.93053051757812
9863,CA-2017-113278,2017-01-14,2017-01-20,3,HR-14770,2,407,12,225,0,1496,2,0,920,12.12,4,0.0,2.5452,2017,2017,1,14,2017,1,20,6,144.98004,142.43484150390626
1753,CA-2017-116715,2017-12-02,2017-12-05,0,VW-21775,1,438,3,578,3,1411,1,14,645,559.62,9,0.0,151.0974,2017,2017,12,2,2017,12,5,3,95.10405,55.993350317382806
5598,CA-2017-151176,2017-02-13,2017-02-20,3,SV-20785,0,28,18,49,1,1428,1,15,88,25.02,3,0.0,6.5052,2017,2017,2,13,2017,2,20,7,10.60123,4.096029667663574
6069,CA-2017-166695,2017-05-20,2017-05-24,3,CC-12430,2,240,3,526,3,215,0,9,676,6.98,1,0.0,3.3504,2017,2017,5,20,2017,5,24,4,6.168588,2.818188161468506
3676,CA-2017-154109,2017-11-06,2017-11-11,3,ML-17410,0,374,36,36,1,1024,1,12,1694,47.952,3,0.2,16.1838,2017,2017,11,6,2017,11,11,5,-42.11237,58.29616953735352
2619,CA-2017-115931,2017-12-22,2017-12-26,3,JM-15655,1,65,29,506,3,480,1,2,521,4.17,3,0.0,1.0842,2017,2017,12,22,2017,12,26,4,2.4479492,1.3637491710662841
1256,CA-2017-144638,2017-03-10,2017-03-14,3,MH-18115,2,78,36,32,1,268,0,9,1610,6.696,1,0.2,0.5022,2017,2017,3,10,2017,3,14,4,-2.0204961,2.5226961299896242
1044,CA-2017-115651,2017-07-09,2017-07-12,0,NS-18640,1,80,11,320,0,505,1,2,1318,8.84,5,0.2,2.9835,2017,2017,7,9,2017,7,12,3,-3.2887409,6.272240873336791
8352,CA-2017-132199,2017-05-03,2017-05-08,3,BO-11350,1,374,36,34,1,294,0,9,415,32.448,2,0.2,7.3008,2017,2017,5,3,2017,5,8,5,-54.423077,61.723876629638674
1535,CA-2017-124086,2017-02-10,2017-02-14,3,MP-18175,2,234,3,559,3,39,0,4,378,203.983,2,0.15,16.7986,2017,2017,2,10,2017,2,14,4,5.2371483,11.561451715087891
3753,CA-2017-161956,2017-08-27,2017-08-29,2,DR-12880,1,212,3,521,3,1095,1,12,1616,116.28,3,0.0,56.9772,2017,2017,8,27,2017,8,29,2,104.814964,47.83776429443359
3736,CA-2017-168193,2017-03-06,2017-03-11,2,RM-19750,0,329,30,1,1,230,0,9,1611,71.97,3,0.0,16.5531,2017,2017,3,6,2017,3,11,5,8.779857,7.77324331817627
5269,US-2017-114657,2017-11-16,2017-11-21,3,MH-18115,2,527,30,6,1,1652,2,11,806,52.44,4,0.0,24.1224,2017,2017,11,16,2017,11,21,5,27.186728,3.064327523803712
2887,CA-2017-102099,2017-12-18,2017-12-19,0,EP-13915,0,266,3,515,3,599,1,2,1134,6.63,3,0.0,1.7901,2017,2017,12,18,2017,12,19,1,10.400695,8.610594847106933
143,CA-2017-106180,2017-09-18,2017-09-23,3,SH-19975,1,438,3,578,3,891,1,7,471,10.86,3,0.0,5.1042,2017,2017,9,18,2017,9,23,5,-0.010376498,5.114576498103141
679,US-2017-119438,2017-03-18,2017-03-23,3,CD-11980,0,493,41,404,0,261,0,9,880,82.524,3,0.6,-41.262,2017,2017,3,18,2017,3,23,5,99.18287,140.44486895751953
7946,CA-2017-134194,2017-12-25,2018-01-01,3,GA-14725,0,109,41,399,0,699,1,3,1638,40.98,5,0.8,-65.568,2017,2017,12,25,2018,1,1,7,-78.02512,12.457123596191408
5791,CA-2017-140186,2017-09-29,2017-10-02,0,PG-18820,0,27,3,568,3,921,1,8,121,35.0,7,0.0,16.8,2017,2017,9,29,2017,10,2,3,2.1207201,14.679279851913453
579,CA-2017-118640,2017-07-20,2017-07-26,3,CS-11950,0,80,11,320,0,1382,1,14,1572,69.712,2,0.2,8.714,2017,2017,7,20,2017,7,26,6,11.898708,3.184708343505859
616,CA-2017-138611,2017-11-14,2017-11-17,2,CK-12595,0,182,33,190,1,757,1,3,1310,3.648,2,0.7,-2.7968,2017,2017,11,14,2017,11,17,3,-7.711385,4.914584773254394
7233,CA-2017-153843,2017-03-13,2017-03-15,0,SC-20380,0,147,5,355,1,1227,1,12,1516,27.12,4,0.0,12.4752,2017,2017,3,13,2017,3,15,2,32.756165,20.28096455078125
5483,CA-2017-105487,2017-10-08,2017-10-14,3,CS-12250,1,437,3,542,3,1564,2,0,1022,239.96,4,0.0,115.1808,2017,2017,10,8,2017,10,14,6,47.076786,68.10401395874024
2600,CA-2017-108553,2017-04-23,2017-04-29,3,SK-19990,0,329,30,2,1,375,1,1,1574,121.94,2,0.0,35.3626,2017,2017,4,23,2017,4,29,6,49.8075,14.444898931884765
3337,US-2017-109253,2017-08-21,2017-08-22,0,PR-18880,0,342,3,587,3,142,0,9,1539,129.92,4,0.0,10.3936,2017,2017,8,21,2017,8,22,1,10.031333,0.36226703033447194
1216,US-2017-118087,2017-09-09,2017-09-13,3,SP-20620,1,374,36,34,1,588,1,2,1319,4.672,1,0.2,1.5768,2017,2017,9,9,2017,9,13,4,-9.30193,10.87873042755127
4363,CA-2017-111332,2017-05-20,2017-05-22,2,NC-18340,0,148,32,289,0,536,1,2,348,131.94,3,0.0,35.6238,2017,2017,5,20,2017,5,22,2,44.819233,9.195432940673825
932,CA-2017-144932,2017-04-14,2017-04-17,0,AB-10165,0,485,33,195,1,1286,1,12,1749,13.872,3,0.2,5.0286,2017,2017,4,14,2017,4,17,3,-0.038667843,5.067267842745781
4180,US-2017-119039,2017-03-06,2017-03-10,3,BF-11170,2,438,3,576,3,809,1,3,542,14.976,9,0.2,5.4288,2017,2017,3,6,2017,3,10,4,0.6534397,4.775360299396515
1415,CA-2017-115994,2017-01-28,2017-01-31,2,BT-11305,2,104,3,555,3,1473,2,0,998,239.97,3,0.0,26.3967,2017,2017,1,28,2017,1,31,3,63.208614,36.81191434936524
8739,US-2017-131961,2017-12-08,2017-12-11,0,MJ-17740,0,374,36,35,1,618,1,2,276,13.248,4,0.2,3.6432,2017,2017,12,8,2017,12,11,3,-14.042166,17.685365756225586
9118,CA-2017-153045,2017-01-19,2017-01-24,2,NS-18505,0,374,36,35,1,53,0,5,739,887.271,3,0.3,-63.3765,2017,2017,1,19,2017,1,24,5,-7.0882196,56.28828035736084
9491,CA-2017-111738,2017-01-03,2017-01-07,3,CM-12385,0,438,3,577,3,828,1,3,702,2022.272,8,0.2,682.5168,2017,2017,1,3,2017,1,7,4,-49.330555,731.8473549621582
5185,CA-2017-163335,2017-09-24,2017-09-27,0,AG-10675,0,94,9,111,2,751,1,3,238,38.71,7,0.0,17.8066,2017,2017,9,24,2017,9,27,3,80.29027,62.483667944335934
2629,US-2017-165344,2017-11-13,2017-11-15,0,SB-20290,1,464,33,212,1,1641,2,11,603,652.995,7,0.7,-935.9595,2017,2017,11,13,2017,11,15,2,-96.17549,839.7840086669922
5567,CA-2017-157966,2017-03-13,2017-03-13,1,SU-20665,2,80,11,320,0,576,1,2,539,29.76,5,0.2,1.86,2017,2017,3,13,2017,3,13,0,-21.725212,23.585212097167968
1857,US-2017-158218,2017-05-12,2017-05-15,2,AC-10420,1,207,41,416,0,1304,1,14,635,127.92,5,0.2,-15.99,2017,2017,5,12,2017,5,15,3,-6.3502636,9.639736404418946
6894,CA-2017-164756,2017-09-18,2017-09-22,3,SS-20140,1,94,9,111,2,243,0,9,1047,20.32,4,0.0,6.9088,2017,2017,9,18,2017,9,22,4,35.074265,28.165464526367188
2627,CA-2017-127180,2017-10-22,2017-10-24,0,TA-21385,2,329,30,2,1,1819,2,13,1843,52.99,1,0.0,0.5299,2017,2017,10,22,2017,10,24,2,8.080111,7.550210549926758
1540,CA-2017-121888,2017-09-15,2017-09-17,2,CL-11890,0,146,19,52,1,20,0,4,167,782.94,3,0.0,203.5644,2017,2017,9,15,2017,9,17,2,73.660225,129.90417508544922
3395,US-2017-131583,2017-06-10,2017-06-10,1,CL-11890,0,374,36,36,1,1045,1,12,1325,40.032,6,0.2,15.012,2017,2017,6,10,2017,6,10,0,-9.830839,24.842839157104493
674,CA-2017-130351,2017-12-05,2017-12-08,0,RB-19570,0,94,12,223,0,465,1,1,946,61.44,3,0.0,16.5888,2017,2017,12,5,2017,12,8,3,14.389581,2.199219273376464
6477,CA-2017-140872,2017-06-03,2017-06-10,3,NR-18550,0,369,8,128,2,450,1,1,365,5.2,2,0.2,0.585,2017,2017,6,3,2017,6,10,7,-6.7302713,7.315271339416504
888,CA-2017-150707,2017-10-14,2017-10-19,3,EL-13735,2,93,18,48,1,677,1,3,66,37.66,7,0.0,18.4534,2017,2017,10,14,2017,10,19,5,14.27448,4.178920133972166
6936,CA-2017-137365,2017-11-30,2017-12-03,2,BP-11095,1,137,41,449,0,1506,2,0,1405,95.976,3,0.2,-10.7973,2017,2017,11,30,2017,12,3,3,0.69750583,11.494805831718445
7285,CA-2017-169439,2017-09-09,2017-09-13,3,LC-17140,0,86,33,200,1,162,0,9,513,66.112,2,0.2,-9.0904,2017,2017,9,9,2017,9,13,4,-37.34496,28.2545592590332
1184,CA-2017-138779,2017-01-14,2017-01-15,0,RB-19570,0,216,31,87,2,1817,2,13,1416,7.92,5,0.2,0.693,2017,2017,1,14,2017,1,15,1,1.8115349,1.1185348815917968
1013,CA-2017-118437,2017-06-17,2017-06-21,2,PF-19165,0,347,45,626,3,1401,1,14,1312,14.03,1,0.0,4.0687,2017,2017,6,17,2017,6,21,4,25.298487,21.229786709594727
4516,US-2017-111920,2017-10-22,2017-10-26,3,PS-18970,2,490,34,386,0,571,1,2,528,36.44,4,0.0,12.0252,2017,2017,10,22,2017,10,26,4,16.61958,4.594379315185547
262,US-2017-155299,2017-06-08,2017-06-12,3,Dl-13600,1,364,41,422,0,418,1,1,605,1.624,2,0.8,-4.466,2017,2017,6,8,2017,6,12,4,-50.115246,45.649245819091796
2057,CA-2017-120376,2017-12-22,2017-12-25,0,TP-21130,0,123,20,239,0,89,0,5,843,1586.69,7,0.0,412.5394,2017,2017,12,22,2017,12,25,3,206.8975,205.6418932861328
1059,CA-2017-167150,2017-12-10,2017-12-17,3,BP-11185,1,437,3,540,3,699,1,3,1638,65.568,2,0.2,22.9488,2017,2017,12,10,2017,12,17,7,12.211612,10.7371882522583
2836,CA-2017-110842,2017-11-11,2017-11-16,3,GA-14725,0,266,3,517,3,457,1,1,294,10.89,1,0.0,2.8314,2017,2017,11,11,2017,11,16,5,2.5012088,0.330191217803955
97,CA-2017-161018,2017-11-09,2017-11-11,2,PN-18775,2,329,30,0,1,159,0,9,31,96.53,7,0.0,40.5426,2017,2017,11,9,2017,11,11,2,25.60433,14.93826993713379
7332,CA-2017-115119,2017-10-26,2017-10-30,3,SC-20440,1,241,36,26,1,1722,2,13,443,61.542,1,0.4,-13.3341,2017,2017,10,26,2017,10,30,4,0.4068336,13.740933589076995
668,CA-2017-132682,2017-06-08,2017-06-10,2,TH-21235,1,109,41,399,0,1827,2,13,450,381.576,3,0.2,28.6182,2017,2017,6,8,2017,6,10,2,26.327583,2.2906166870117204
3620,CA-2017-141929,2017-09-04,2017-09-08,3,RA-19285,0,266,3,514,3,1382,1,14,1572,217.85,5,0.0,65.355,2017,2017,9,4,2017,9,8,4,25.04672,40.30827949523926
4636,CA-2017-116288,2017-03-12,2017-03-17,3,BS-11380,1,438,3,578,3,1315,1,14,417,242.94,3,0.0,9.7176,2017,2017,3,12,2017,3,17,5,2.0616438,7.655956161117553
3472,CA-2017-122644,2017-11-12,2017-11-17,3,SF-20965,1,94,33,192,1,1227,1,12,1516,10.848,2,0.2,3.5256,2017,2017,11,12,2017,11,17,5,-6.3665094,9.892109437561036
1686,CA-2017-149489,2017-04-24,2017-04-27,0,DK-12835,1,374,36,36,1,749,1,3,266,1.188,2,0.7,-0.99,2017,2017,4,24,2017,4,27,3,-5.9035664,4.913566360473633
670,US-2017-106663,2017-06-09,2017-06-13,3,MO-17800,2,80,11,322,0,235,0,9,11,23.976,3,0.6,-14.3856,2017,2017,6,9,2017,6,13,4,-33.59021,19.2046099609375
2707,CA-2017-155873,2017-06-16,2017-06-21,3,AB-10255,2,65,29,506,3,1091,1,12,1811,19.44,3,0.0,9.3312,2017,2017,6,16,2017,6,21,5,-6.4777203,15.808920260620118
234,US-2017-100930,2017-04-07,2017-04-12,3,CS-12400,2,473,8,146,2,706,1,3,690,5.328,2,0.7,-3.552,2017,2017,4,7,2017,4,12,5,-0.038667843,3.513332157254219
3571,CA-2017-168109,2017-07-03,2017-07-03,1,JK-15640,2,452,45,620,3,1517,2,0,1276,1687.8,4,0.0,742.632,2017,2017,7,3,2017,7,3,0,426.3648,316.2671928710937
4153,CA-2017-100160,2017-09-07,2017-09-11,3,CB-12025,0,374,36,34,1,1202,1,12,607,15.552,3,0.2,5.4432,2017,2017,9,7,2017,9,11,4,-6.302647,11.74584711380005
5648,CA-2017-168179,2017-11-02,2017-11-07,3,JB-16000,0,432,42,482,3,1127,1,12,1817,19.44,3,0.0,9.3312,2017,2017,11,2,2017,11,7,5,-0.038667843,9.369867842745782
2625,CA-2017-127180,2017-10-22,2017-10-24,0,TA-21385,2,329,30,2,1,1726,2,13,1286,2399.6,8,0.0,647.892,2017,2017,10,22,2017,10,24,2,136.11893,511.7730729980469
5271,CA-2017-144484,2017-09-11,2017-09-11,1,CB-12025,0,438,3,577,3,464,1,1,945,406.6,5,0.0,113.848,2017,2017,9,11,2017,9,11,0,49.68584,64.16215939331055
2263,CA-2017-122994,2017-02-06,2017-02-09,0,MV-17485,0,16,44,57,2,39,0,4,378,359.97,3,0.0,79.1934,2017,2017,2,6,2017,2,9,3,66.33696,12.85644016113281
7265,CA-2017-122056,2017-06-13,2017-06-17,3,PG-18895,0,464,44,56,2,614,1,2,354,181.86,7,0.0,50.9208,2017,2017,6,13,2017,6,17,4,6.61882,44.30197980957031
7769,CA-2017-154088,2017-11-12,2017-11-17,3,LB-16735,0,471,8,117,2,1224,1,12,1757,26.72,5,0.2,9.352,2017,2017,11,12,2017,11,17,5,-1.838753,11.19075298500061
9746,CA-2017-137505,2017-11-24,2017-11-24,1,BP-11290,0,266,3,515,3,320,0,16,853,364.08,2,0.2,9.102,2017,2017,11,24,2017,11,24,0,123.85149,114.74948620605468
2245,CA-2017-103380,2017-11-21,2017-11-25,3,BF-11005,2,364,3,528,3,938,1,8,127,9.02,2,0.0,3.5178,2017,2017,11,21,2017,11,25,4,18.424173,14.90637335510254
2480,CA-2017-141992,2017-06-19,2017-06-25,3,FO-14305,0,109,41,403,0,1440,1,15,671,11.184,1,0.2,0.8388,2017,2017,6,19,2017,6,25,6,-10.314512,11.153312252807616
3821,CA-2017-141873,2017-10-09,2017-10-14,3,HG-14845,0,329,30,2,1,26,0,4,1187,314.352,3,0.2,-15.7176,2017,2017,10,9,2017,10,14,5,-1.1873235,14.530276548957824
5235,CA-2017-131037,2017-08-22,2017-08-23,0,TM-21490,0,438,3,577,3,332,0,16,854,210.008,1,0.2,2.6251,2017,2017,8,22,2017,8,23,1,23.464073,20.838973181152344
726,CA-2017-144113,2017-09-16,2017-09-20,3,JF-15355,0,25,41,443,0,854,1,7,1042,17.568,2,0.2,6.3684,2017,2017,9,16,2017,9,20,4,-7.8279533,14.196353338623048
8519,CA-2017-118003,2017-12-04,2017-12-10,3,DO-13645,0,367,28,390,1,227,0,9,1559,12.99,1,0.0,1.5588,2017,2017,12,4,2017,12,10,6,13.772626,12.213825923156739
6262,CA-2017-103506,2017-07-23,2017-07-27,3,LR-17035,1,262,30,10,1,959,1,10,232,41.4,4,0.0,19.872,2017,2017,7,23,2017,7,27,4,17.208214,2.663786193847656
7454,CA-2017-134796,2017-06-25,2017-07-01,3,FM-14380,0,44,11,313,0,1810,2,13,732,148.48,2,0.2,16.704,2017,2017,6,25,2017,7,1,6,5.399611,11.304389003753663
7540,US-2017-112347,2017-12-02,2017-12-06,3,BS-11380,1,120,4,458,3,786,1,3,136,36.624,8,0.7,-24.416,2017,2017,12,2,2017,12,6,4,-0.038667843,24.37733215725422
4586,US-2017-163790,2017-11-02,2017-11-04,2,NL-18310,2,111,3,583,3,580,1,2,1166,8.8,5,0.0,4.224,2017,2017,11,2,2017,11,4,2,1.2574974,2.966502570152283
6748,CA-2017-100230,2017-12-11,2017-12-15,3,AA-10375,0,329,30,3,1,740,1,3,448,14.952,1,0.2,5.0463,2017,2017,12,11,2017,12,15,4,25.293121,20.246821337890626
5638,CA-2017-113208,2017-03-26,2017-04-02,3,ML-18040,1,114,20,231,0,294,0,9,415,60.84,3,0.0,23.1192,2017,2017,3,26,2017,4,2,7,78.81563,55.69642805175781
7696,CA-2017-107958,2017-07-02,2017-07-05,0,AH-10120,2,207,41,415,0,1044,1,12,1617,163.96,5,0.2,59.4355,2017,2017,7,2,2017,7,5,3,42.20899,17.226511810302732
309,CA-2017-126774,2017-04-15,2017-04-17,0,SH-20395,0,16,44,57,2,560,1,2,627,4.89,1,0.0,2.0049,2017,2017,4,15,2017,4,17,2,106.85609,104.85118673095702
4871,CA-2017-131366,2017-11-24,2017-11-29,3,SC-20440,1,241,36,26,1,1066,1,12,1704,229.544,7,0.2,83.2097,2017,2017,11,24,2017,11,29,5,-5.1014485,88.31114853591919
9047,CA-2017-137463,2017-12-16,2017-12-20,2,KM-16225,1,469,3,575,3,1459,2,0,1087,149.95,5,0.0,31.4895,2017,2017,12,16,2017,12,20,4,36.520084,5.030584381103516
5750,CA-2017-104913,2017-11-18,2017-11-22,3,DK-13090,0,262,30,10,1,1708,2,13,312,74.95,5,0.0,36.7255,2017,2017,11,18,2017,11,22,4,112.7247,75.99920092773438
6515,CA-2017-167640,2017-03-06,2017-03-10,3,FC-14245,2,438,3,576,3,1719,2,13,524,206.384,2,0.2,23.2182,2017,2017,3,6,2017,3,10,4,29.925755,6.707554547119141
6456,CA-2017-161102,2017-07-31,2017-08-03,0,EC-14050,0,438,3,577,3,248,0,9,1045,36.96,7,0.0,11.4576,2017,2017,7,31,2017,8,3,3,8.832381,2.6252187515258782
2058,CA-2017-120376,2017-12-22,2017-12-25,0,TP-21130,0,123,20,239,0,1477,2,0,1021,84.99,1,0.0,30.5964,2017,2017,12,22,2017,12,25,3,112.53105,81.93465163574218
8072,CA-2017-151750,2017-01-01,2017-01-05,3,JM-15250,0,209,41,420,0,101,0,5,1203,310.744,4,0.3,-26.6352,2017,2017,1,1,2017,1,5,4,-5.152526,21.482674098205568
9252,CA-2017-155712,2017-03-02,2017-03-08,3,KD-16615,1,266,3,515,3,812,1,3,421,107.648,2,0.2,33.64,2017,2017,3,2,2017,3,8,6,19.411842,14.228157653808594
7691,US-2017-128951,2017-07-15,2017-07-17,0,RS-19420,1,467,44,64,2,370,0,16,834,872.94,3,0.0,157.1292,2017,2017,7,15,2017,7,17,2,171.76602,14.636821728515628
6973,CA-2017-153822,2017-09-19,2017-09-25,3,AB-10105,0,375,1,486,3,1768,2,13,1291,471.92,2,0.2,29.495,2017,2017,9,19,2017,9,25,6,7.638172,21.856827850341798
915,CA-2017-102519,2017-11-27,2017-11-29,0,BM-11650,1,299,47,263,0,1507,2,0,1074,143.73,9,0.0,56.0547,2017,2017,11,27,2017,11,29,2,120.02899,63.97429169921875
6811,CA-2017-156237,2017-09-14,2017-09-15,0,PS-18760,0,374,36,35,1,1648,2,11,1347,12.585,1,0.7,-18.0385,2017,2017,9,14,2017,9,15,1,-15.560738,2.477762390136718
2398,CA-2017-169264,2017-08-14,2017-08-16,2,NP-18700,0,438,3,576,3,966,1,10,242,5.76,2,0.0,2.8224,2017,2017,8,14,2017,8,16,2,5.125313,2.3029128051757812
9620,CA-2017-160633,2017-11-16,2017-11-21,3,BS-11380,1,46,33,194,1,1526,2,0,1010,139.96,5,0.2,-1.7495,2017,2017,11,16,2017,11,21,5,5.1749315,6.924431526184082
1010,CA-2017-135034,2017-08-01,2017-08-03,0,AT-10735,0,80,11,322,0,1823,2,13,930,95.984,2,0.2,5.999,2017,2017,8,1,2017,8,3,2,-0.038667843,6.037667842745781
527,CA-2017-113558,2017-10-21,2017-10-26,3,PH-18790,2,238,8,148,2,104,0,5,741,683.952,3,0.2,42.747,2017,2017,10,21,2017,10,26,5,4.71837,38.02863003921509
8111,CA-2017-160122,2017-11-18,2017-11-23,3,RD-19930,0,80,11,321,0,54,0,5,755,127.386,2,0.3,-25.4772,2017,2017,11,18,2017,11,23,5,-19.411755,6.065445391845703
951,US-2017-110576,2017-11-28,2017-12-02,3,RB-19795,2,374,36,33,1,1072,1,12,1806,15.552,3,0.2,5.4432,2017,2017,11,28,2017,12,2,4,-0.038667843,5.481867842745781
8755,CA-2017-152198,2017-09-09,2017-09-10,0,JD-16015,0,485,33,195,1,782,1,3,23,4.86,3,0.7,-3.564,2017,2017,9,9,2017,9,10,1,-5.554845,1.990844856262207
7870,US-2017-166233,2017-07-03,2017-07-09,3,MO-17950,0,216,31,87,2,1520,2,0,915,24.0,2,0.2,-2.7,2017,2017,7,3,2017,7,9,6,2.4996734,5.199673366546631
1283,CA-2017-122154,2017-04-09,2017-04-11,0,SA-20830,0,216,8,116,2,721,1,3,233,17.43,1,0.7,-13.363,2017,2017,4,9,2017,4,11,2,4.5217,17.884699905395507
2466,CA-2017-148691,2017-12-03,2017-12-09,3,CS-12460,0,329,30,0,1,962,1,10,231,3.15,1,0.0,1.512,2017,2017,12,3,2017,12,9,6,5.304447,3.7924471740722656
5484,CA-2017-105487,2017-10-08,2017-10-14,3,CS-12250,1,437,3,542,3,1365,1,14,1550,40.68,2,0.0,0.4068,2017,2017,10,8,2017,10,14,6,0.6372146,0.23041460103988648
4359,CA-2017-162565,2017-12-11,2017-12-11,1,RR-19315,0,24,11,317,0,296,0,9,595,77.72,1,0.6,-66.062,2017,2017,12,11,2017,12,11,0,-8.413923,57.64807673645019
7395,CA-2017-147844,2017-05-02,2017-05-06,3,DD-13570,0,266,3,519,3,1183,1,12,105,34.4,5,0.0,15.824,2017,2017,5,2,2017,5,6,4,5.7069664,10.117033599853515
8848,CA-2017-156664,2017-12-18,2017-12-23,3,BP-11290,0,94,33,192,1,464,1,1,945,130.112,2,0.2,13.0112,2017,2017,12,18,2017,12,23,5,-6.4537516,19.46495156402588
5744,US-2017-147886,2017-03-28,2017-03-31,0,DH-13075,1,147,3,584,3,1071,1,12,1767,20.04,3,0.0,9.6192,2017,2017,3,28,2017,3,31,3,9.955185,0.3359849365234382
4010,CA-2017-144463,2017-01-01,2017-01-05,3,SC-20725,0,266,3,517,3,178,0,9,873,474.43,11,0.0,199.2606,2017,2017,1,1,2017,1,5,4,24.936588,174.3240117126465
5636,CA-2017-123022,2017-09-03,2017-09-08,3,SC-20050,2,230,3,536,3,731,1,3,1485,82.56,5,0.2,28.896,2017,2017,9,3,2017,9,8,5,22.693077,6.202922912597657
7286,CA-2017-151183,2017-10-14,2017-10-19,3,BK-11260,0,438,3,577,3,1565,2,0,1597,46.36,4,0.0,15.2988,2017,2017,10,14,2017,10,19,5,17.546917,2.248116961669922
7884,CA-2017-118017,2017-12-03,2017-12-06,2,LC-16870,0,481,4,459,3,1160,1,12,1646,10.32,2,0.2,3.741,2017,2017,12,3,2017,12,6,3,17.56035,13.81935041809082
517,CA-2017-127432,2017-01-22,2017-01-27,3,AD-10180,2,175,24,291,3,1413,1,14,125,51.45,3,0.0,13.8915,2017,2017,1,22,2017,1,27,5,71.37265,57.481150146484374
1217,US-2017-118087,2017-09-09,2017-09-13,3,SP-20620,1,374,36,34,1,1582,2,0,1089,95.88,3,0.2,28.764,2017,2017,9,9,2017,9,13,4,0.1944383,28.56956170642376
6909,US-2017-135503,2017-12-10,2017-12-15,3,JE-16165,1,337,38,95,2,220,0,9,569,14.76,2,0.0,4.2804,2017,2017,12,10,2017,12,15,5,52.40954,48.12913826904297
5581,CA-2017-137498,2017-09-09,2017-09-14,2,LC-17050,0,266,3,514,3,1023,1,12,162,47.52,9,0.0,22.8096,2017,2017,9,9,2017,9,14,5,7.228567,15.581032876586914
1936,CA-2017-101245,2017-11-27,2017-12-03,3,LW-16990,1,438,3,576,3,1492,2,0,601,166.16,8,0.0,59.8176,2017,2017,11,27,2017,12,3,6,-4.995291,64.81289123306274
4924,CA-2017-114055,2017-12-25,2017-12-29,2,MH-18115,2,209,0,155,2,1080,1,12,1700,629.1,6,0.0,301.968,2017,2017,12,25,2017,12,29,4,139.38867,162.57932812500002
8699,CA-2017-119284,2017-06-15,2017-06-20,3,TS-21205,1,323,40,165,2,363,0,16,288,120.96,2,0.4,-28.224,2017,2017,6,15,2017,6,20,5,3.6816604,31.905660413742066
5939,CA-2017-122077,2017-05-19,2017-05-25,3,JF-15295,0,379,41,392,0,1820,2,13,935,95.992,1,0.2,9.5992,2017,2017,5,19,2017,5,25,6,11.867179,2.2679789169311526
4459,CA-2017-105851,2017-03-13,2017-03-20,3,SE-20110,0,120,4,458,3,1442,1,15,1043,1332.496,2,0.2,-299.8116,2017,2017,3,13,2017,3,20,7,-92.68968,207.12191799316406
8448,CA-2017-125451,2017-10-23,2017-10-24,0,AH-10075,1,107,37,93,1,148,0,9,510,210.68,2,0.0,50.5632,2017,2017,10,23,2017,10,24,1,43.8325,6.73069954223633
455,CA-2017-147277,2017-10-20,2017-10-24,3,EB-13705,1,2,33,206,1,1297,1,14,520,665.408,2,0.2,66.5408,2017,2017,10,20,2017,10,24,4,52.38673,14.154069805908208
3391,CA-2017-101077,2017-03-25,2017-03-30,2,DB-13660,0,109,41,399,0,1254,1,12,1742,6.848,2,0.2,2.14,2017,2017,3,25,2017,3,30,5,-0.038667843,2.178667842745781
6680,CA-2017-145037,2017-09-02,2017-09-07,2,TB-21055,0,291,5,339,1,1322,1,14,472,10.9,1,0.0,2.834,2017,2017,9,2,2017,9,7,5,16.096884,13.262883773803711
776,CA-2017-104220,2017-01-30,2017-02-05,3,BV-11245,1,121,13,251,0,231,0,9,393,34.58,7,0.0,14.5236,2017,2017,1,30,2017,2,5,6,33.797707,19.274106604003904
9624,CA-2017-137449,2017-06-29,2017-06-30,0,ME-17725,0,109,41,403,0,381,1,1,304,21.392,2,0.8,-54.5496,2017,2017,6,29,2017,6,30,1,20.523264,75.07286393127441
4277,CA-2017-151358,2017-08-18,2017-08-22,3,NF-18595,2,452,45,620,3,1291,1,14,661,323.1,2,0.0,61.389,2017,2017,8,18,2017,8,22,4,35.85881,25.530189575195315
3180,CA-2017-105235,2017-12-05,2017-12-11,3,SM-20950,1,329,30,1,1,156,0,9,1442,58.68,2,0.0,18.1908,2017,2017,12,5,2017,12,11,6,40.434444,22.243644427490235
1687,CA-2017-149489,2017-04-24,2017-04-27,0,DK-12835,1,374,36,36,1,736,1,3,704,7.518,2,0.7,-5.7638,2017,2017,4,24,2017,4,27,3,-18.756168,12.992368365478516
6448,US-2017-119816,2017-03-04,2017-03-06,2,TT-21460,2,207,41,418,0,977,1,10,205,2.464,1,0.2,0.8624,2017,2017,3,4,2017,3,6,2,-15.228146,16.090545599365235
6517,US-2017-116652,2017-09-15,2017-09-19,3,RD-19480,0,438,3,578,3,186,0,9,1533,529.9,5,0.0,105.98,2017,2017,9,15,2017,9,19,4,33.11409,72.86591003417969
8473,US-2017-132031,2017-04-23,2017-04-27,3,PN-18775,2,85,40,159,2,943,1,10,204,3.0,1,0.2,1.05,2017,2017,4,23,2017,4,27,4,20.18589,19.135890197753906
6319,CA-2017-161459,2017-11-25,2017-11-29,2,EB-13750,1,234,3,559,3,1828,2,13,1247,39.96,5,0.2,3.4965,2017,2017,11,25,2017,11,29,4,-0.038667843,3.535167842745781
4950,CA-2017-107125,2017-11-27,2017-12-02,3,BD-11320,0,266,3,518,3,163,0,9,546,18.84,3,0.0,6.0288,2017,2017,11,27,2017,12,2,5,-0.038667843,6.067467842745781
8110,CA-2017-160122,2017-11-18,2017-11-23,3,RD-19930,0,80,11,321,0,870,1,7,1249,55.584,6,0.2,20.844,2017,2017,11,18,2017,11,23,5,20.28904,0.5549603881835949
4717,CA-2017-143126,2017-12-03,2017-12-07,2,CM-12655,2,452,45,621,3,350,0,16,320,521.96,2,0.0,88.7332,2017,2017,12,3,2017,12,7,4,-1.4112002,90.14440016574859
9348,CA-2017-109085,2017-02-17,2017-02-20,0,CK-12325,2,488,33,211,1,117,0,5,742,899.43,5,0.3,-12.849,2017,2017,2,17,2017,2,20,3,-0.038667843,12.81033215725422
235,US-2017-100930,2017-04-07,2017-04-12,3,CS-12400,2,473,8,146,2,284,0,9,1540,258.072,3,0.2,0.0,2017,2017,4,7,2017,4,12,5,16.947369,16.947368621826172
8045,CA-2017-165008,2017-09-15,2017-09-17,2,DO-13645,0,432,42,482,3,747,1,3,270,295.056,9,0.2,106.9578,2017,2017,9,15,2017,9,17,2,19.333187,87.62461289672852
802,CA-2017-105809,2017-02-20,2017-02-23,0,HW-14935,1,437,3,542,3,1733,2,13,1011,215.968,2,0.2,18.8972,2017,2017,2,20,2017,2,23,3,45.66316,26.765958416748045
6314,CA-2017-120019,2017-02-16,2017-02-21,3,NG-18355,1,147,5,355,1,1708,2,13,312,14.99,1,0.0,7.3451,2017,2017,2,16,2017,2,21,5,151.64474,144.29964487304687
2566,CA-2017-109589,2017-12-21,2017-12-24,0,BD-11635,0,46,15,184,2,1551,2,0,1069,71.0,4,0.0,27.69,2017,2017,12,21,2017,12,24,3,19.613403,8.076596679687501
9221,CA-2017-103212,2017-10-13,2017-10-14,0,MH-18025,0,233,16,364,2,947,1,10,230,11.07,3,0.0,5.2029,2017,2017,10,13,2017,10,14,1,4.2612157,0.9416843132019039
5488,CA-2017-134495,2017-04-01,2017-04-04,2,BF-11020,1,216,8,116,2,1855,2,13,1064,23.976,3,0.2,-5.6943,2017,2017,4,1,2017,4,4,3,0.6123556,6.306655589866638
7944,CA-2017-134194,2017-12-25,2018-01-01,3,GA-14725,0,109,41,399,0,1426,1,15,1496,44.688,7,0.2,5.0274,2017,2017,12,25,2018,1,1,7,-3.055661,8.083060963058472
9500,CA-2017-118213,2017-11-05,2017-11-07,0,AB-10060,2,180,12,214,0,1227,1,12,1516,67.8,10,0.0,31.188,2017,2017,11,5,2017,11,7,2,37.72142,6.533420288085939
908,CA-2017-143259,2017-12-30,2018-01-03,3,PO-18865,0,329,30,0,1,1850,2,13,731,90.93,7,0.0,2.7279,2017,2017,12,30,2018,1,3,4,29.866625,27.138724832153322
8039,CA-2017-109393,2017-06-30,2017-07-02,2,JC-15775,0,266,3,516,3,38,0,4,1425,435.999,3,0.15,5.1294,2017,2017,6,30,2017,7,2,2,14.187407,9.058006539916992
6643,CA-2017-128328,2017-08-05,2017-08-09,3,PO-18865,0,211,12,215,0,989,1,10,181,133.2,9,0.0,66.6,2017,2017,8,5,2017,8,9,4,96.85913,30.259130859375006
4476,CA-2017-121300,2017-09-29,2017-09-29,1,MG-17680,2,290,33,199,1,300,0,9,677,21.248,4,0.2,7.4368,2017,2017,9,29,2017,9,29,0,-0.038667843,7.475467842745781
2091,CA-2017-166142,2017-07-15,2017-07-19,3,MM-17260,0,521,6,40,1,804,1,3,708,26.55,3,0.0,13.0095,2017,2017,7,15,2017,7,19,4,214.58104,201.57153942871093
8413,CA-2017-132290,2017-03-10,2017-03-14,3,MD-17350,0,109,41,402,0,340,0,16,327,933.408,4,0.3,-173.3472,2017,2017,3,10,2017,3,14,4,-72.796234,100.55096586914061
9499,CA-2017-118213,2017-11-05,2017-11-07,0,AB-10060,2,180,12,214,0,1059,1,12,537,167.94,3,0.0,82.2906,2017,2017,11,5,2017,11,7,2,34.666595,47.62400454101562
3334,CA-2017-122595,2017-12-14,2017-12-20,3,GM-14455,2,80,11,322,0,243,0,9,1047,2.032,1,0.6,-1.3208,2017,2017,12,14,2017,12,20,6,5.3790174,6.6998173530578615
4084,US-2017-151316,2017-06-24,2017-06-30,3,MC-17635,1,116,11,331,0,1041,1,12,1761,10.272,3,0.2,3.21,2017,2017,6,24,2017,6,30,6,-0.038667843,3.248667842745781
1928,CA-2017-121538,2017-11-28,2017-12-01,0,RH-19495,0,120,4,458,3,1248,1,12,538,88.768,2,0.2,31.0688,2017,2017,11,28,2017,12,1,3,19.827747,11.241052655029296
2864,US-2017-103828,2017-08-13,2017-08-13,1,JK-15370,0,438,3,578,3,1335,1,14,1505,31.44,3,0.0,8.4888,2017,2017,8,13,2017,8,13,0,12.413256,3.924455691528321
2056,CA-2017-120376,2017-12-22,2017-12-25,0,TP-21130,0,123,20,239,0,1488,2,0,1090,199.95,5,0.0,63.984,2017,2017,12,22,2017,12,25,3,56.885445,7.0985553588867205
9185,CA-2017-156776,2017-08-07,2017-08-11,3,JL-15505,0,517,3,560,3,310,0,9,881,51.75,1,0.0,15.525,2017,2017,8,7,2017,8,11,4,7.8990865,7.625913524627686
3460,CA-2017-136448,2017-09-16,2017-09-18,0,AS-10090,0,374,36,36,1,691,1,3,686,538.194,2,0.7,-412.6154,2017,2017,9,16,2017,9,18,2,-444.82785,32.21245034179685
5432,CA-2017-117422,2017-10-21,2017-10-25,3,FC-14245,2,240,33,201,1,1156,1,12,1326,4.064,1,0.2,1.3716,2017,2017,10,21,2017,10,25,4,-0.038667843,1.4102678427457809
1369,CA-2017-133249,2017-07-08,2017-07-11,0,SZ-20035,2,376,3,525,3,188,0,9,516,145.9,5,0.0,62.737,2017,2017,7,8,2017,7,11,3,24.207144,38.529856216430666
